customer_id,name,email,age
1,Tracy Cox PhD,seanpoole@example.org,52
2,Brenda Clay,deanna60@example.net,27
3,Katie Holmes,andrew87@example.org,40
4,Sheila Stanton,susanbell@example.net,18
5,Joseph Burke,benjaminacosta@example.net,61
6,Cristina Kane,wilsonjennifer@example.org,34
7,Kimberly Francis,jason22@example.com,64
8,Brooke Robbins,uadkins@example.com,
9,,evansshelby@example.net,50
10,Henry Perez,edwardselijah@example.com,35
11,Joyce Henry,bmcpherson@example.net,43
3,Katie Holmes,andrew87@example.org,40
13,Emily Armstrong,mariaharrell@example.net,38
14,Benjamin Wright,ujohnson@example.com,unknown
15,,robert26@example.net,25
16,Nathaniel Brown,patrickterry@example.org,75
17,Mark Krause,vjennings@example.org,72
18,Jennifer Estes,zjenkins@example.net,67
19,Regina Simmons,nreed@example.com,74
20,Krystal Harrison,carolyn35@example.com,70
21,Jennifer Williams,cathysmith@example.net,unknown
22,Gordon Reese,sharonhayes@example.org,66
23,Cynthia Hunt,,61
24,Kayla Santos,,57
25,,kenneth42@example.org,63
26,Hayden Hall,jennifer02@example.com,31
27,Gabrielle Anderson,xturner@example.org,30
28,Matthew Gonzalez,hreid@example.org,43
29,Nichole Cervantes,leebrian@example.com,26
30,Michael Delgado,zamoralindsey@example.org,64
31,Mariah Perez,grobinson@example.com,68
32,Julie Thornton,shelley99@example.net,
33,Gina Brewer,,39
32,Julie Thornton,shelley99@example.net,
35,Michelle Foster,russellwilson@example.net,49
36,,longjoshua@example.org,71
37,William Nunez,matthewsmith@example.org,65
38,Gregory King,hintonbrad@example.com,71
39,Jessica Combs,qmiranda@example.org,27
40,Matthew Cooper,fperez@example.net,23
41,Sarah Moore,criggs@example.net,52
42,Madison Hahn,sanchezamber@example.com,62
43,Randy Young,yvettejacobsexample.net,54
23,Cynthia Hunt,,61
45,Carrie Richards,gregorybowman@example.com,37
46,Robert Cooper,warren70@example.org,71
47,Cynthia Lee,maria56@example.com,58
48,Kenneth Lane,shawngallagher@example.net,49
49,Paul Jackson,charlottematthews@example.org,
50,David Blanchard,hansenjames@example.net,69
51,Micheal Thomas,vcannon@example.net,63
52,Anthony Mccarthy,,30
53,Mr. Robert Velazquez,caitlin96@example.net,48
54,Dennis Christian MD,iwilson@example.com,71
55,Brian Carlson,david11@example.org,unknown
56,Olivia Scott,brandonbrown@example.net,45
57,Jennifer Williams,,37
58,,timothy23@example.org,19
59,Evan Morgan,shawmichele@example.org,40
19,Regina Simmons,nreed@example.com,74
61,Keith Gonzalez,kyle17@example.net,43
62,Sarah Fisher,lshields@example.net,56
63,Eric Sparks,smccoyexample.net,34
64,Linda Strickland,kmeyer@example.org,42
65,,vprice@example.org,19
66,Christian Ellison,,
67,Monique Garcia,jacobjones@example.com,69
68,Teresa Ellis,sherryleach@example.com,62
69,Grace Rogers,jmason@example.net,32
70,Debra Thomas,millernorman@example.com,71
71,Matthew Bentley,copelandnicole@example.com,21
21,Jennifer Williams,cathysmith@example.net,unknown
73,Larry Snyder,,58
74,Destiny Ortiz,,74
75,Elizabeth Kirby,david74@example.com,25
76,,emily61@example.org,unknown
77,Sydney Lewis,garzakevin@example.net,
78,Jason Garza MD,shannonwalker@example.org,25
79,Ian Mitchell,ugarrett@example.org,51
80,,ssmith@example.com,73
81,Samantha Evans DVM,chadfloresexample.net,40
82,Andrew Boyer,cgreen@example.net,50
83,,,
84,David Vaughan,dominiquejohnson@example.org,
85,James Le,jennifer69@example.net,28
86,Spencer Guzman,iarnold@example.com,
87,Frank Johnson,wardgeorge@example.org,35
88,Lisa Franco,gwilliams@example.org,unknown
89,Brett Garcia,jaredcampos@example.org,36
90,Lynn Stevens,smithalison@example.com,
91,Kelly Buck,cameronbryan@example.com,
92,Penny Kennedy,nancy81@example.org,71
93,Jennifer Anderson,phansen@example.org,
94,Brittany Munoz,vanessa82@example.net,60
95,Raymond Davis,madisonconway@example.net,unknown
96,April Hancock,brenda32example.org,73
97,Lisa Barrera,dlang@example.com,61
98,Jody Taylor,maguilar@example.net,
99,Mark Henson,xpatel@example.org,71
100,Dr. Courtney Arnold,xharrington@example.com,66
101,Jesus Gonzalez,quinndean@example.org,66
102,,,70
103,Joshua White,vreid@example.net,47
86,Spencer Guzman,iarnold@example.com,
105,Christine Young,feliciadavis@example.org,42
106,Danielle Drake,brownjames@example.org,63
107,Martha Terrell,adam84@example.com,
108,Michael Douglas,angela44@example.com,41
109,,myersann@example.org,40
110,Stacey Price,rmartinez@example.org,23
26,Hayden Hall,jennifer02@example.com,31
112,Michael Kidd,,42
113,Evelyn Lyons,petermartinez@example.com,35
114,Michael Turner,cbauer@example.org,31
115,Joseph Spence,kaitlynbanks@example.net,68
20,Krystal Harrison,carolyn35@example.com,70
117,Charles Schaefer,joshuawilkins@example.net,32
118,Stephen Smith,,51
119,Steven Cortez,jasminefox@example.com,58
120,Jonathan Martinez,butlerfred@example.org,32
121,Nicole Hart,travis25@example.org,
122,Timothy Moon,wwells@example.org,68
123,Mary Stuart,charles52@example.org,18
124,Steven Greene,smithbrandon@example.org,34
125,Lori Walker,stacyjohnson@example.com,58
126,Thomas Townsend,maxwell72@example.net,68
127,Charles Schneider,,20
103,Joshua White,vreid@example.net,47
129,Elizabeth Murphy,escobardavid@example.org,70
130,Rachel Fitzgerald,hannah60@example.org,61
131,Derrick Howard,petersenrussell@example.org,53
132,Mr. Frank Terry,snydermichaelexample.net,50
133,Joseph Mayo,petersonvirginia@example.net,49
134,Brandon Harris,julie94@example.org,30
135,Rebecca Mills,,69
136,Peter Pham,kimberlymoody@example.net,60
137,Christopher Vega,tracyhayesexample.com,unknown
138,Candace Melton,williamwright@example.net,72
139,Jessica Jones,russodorothy@example.org,21
140,Brian Hudson,aho@example.org,29
141,Amanda Smith,michellehahn@example.net,41
142,Brian Hebert,joshua10@example.org,39
143,Jeffrey Anderson,wberry@example.com,26
144,Chelsea Thompson,daviseric@example.org,23
145,Catherine Barnes,robinsondeborah@example.org,73
146,Andrew Bailey,woodardvalerie@example.org,36
147,Erin Keith,,63
148,,veronicaramirez@example.com,
149,Ashley Berry,upowers@example.org,29
150,Linda Day,pblankenship@example.com,38
96,April Hancock,brenda32example.org,73
152,Laura Murray,,44
153,Andrew Lynch,rmoses@example.com,unknown
154,Laura Jackson,medinawilliam@example.org,
155,,tonyamoore@example.org,71
156,Robert Hernandez,jbradley@example.net,30
157,Samantha Wright,deborahmorton@example.net,63
158,Kelly Summers,ihodgesexample.net,
159,Christy Ray,racheljohnson@example.com,38
160,Robert Gonzalez,kennethsoto@example.com,23
161,Fernando Johnson,nlee@example.net,44
162,,,36
163,Brenda Reid,amandamartin@example.com,40
164,Heather Mendoza,michellechristensenexample.net,59
165,Lauren Harris,hdaniels@example.org,65
166,Renee Alvarez,jacqueline77@example.net,44
167,Suzanne Obrien,xduke@example.com,26
168,Nicholas Marquez,owebb@example.org,unknown
169,Tony Smith,dixonalexandria@example.net,56
170,Sandra Johns,,52
171,Robert Aguilar,sarah57@example.org,63
172,,charles56@example.com,26
173,James Ruiz,kmills@example.org,40
174,Howard Kim,samanthamiranda@example.com,
175,,heathergaines@example.net,27
176,Mr. John Barnes,williamgarrison@example.com,31
177,Justin Taylor,kchavez@example.net,
178,Tracy Freeman,cynthialopez@example.org,53
155,,tonyamoore@example.org,71
180,Michael Jenkins,cwhite@example.net,39
181,Benjamin Diaz,dustin36@example.com,53
182,Justin Morales PhD,patrick86@example.net,20
183,Chad Lindsey,jessica96@example.com,67
184,Shane Bridges,morrislindsay@example.org,24
185,Allison Chandler,hmiller@example.com,24
186,Sarah Kemp,patrickcarpenter@example.com,59
187,Grant Gomez,wfitzgerald@example.net,unknown
188,Danny Moore,uwright@example.com,22
189,Bryan Frye,csmall@example.net,69
190,Gina Pham,santosjennifer@example.com,54
191,Mr. Alexander Harris,dustin80@example.net,
192,Michael Gonzalez,mary91@example.net,41
193,Philip Cruz,mitchell96@example.org,
194,Sean Mathews,warrenelliott@example.com,35
195,Brittany Taylor,thomas61@example.org,62
196,Troy Harris,guzmanerika@example.com,
197,Michael Jones,nicholsheather@example.net,62
198,Kevin Wells,thomas46@example.org,40
199,Jeffrey Johnson DVM,kathrynwilliams@example.org,
200,Rachel Thompson,ywhite@example.net,
201,Calvin Vazquez,andersondiana@example.net,45
202,Cynthia Reyes,ppetersen@example.org,38
203,Jennifer Holland,ypark@example.com,23
204,Alice Wilkins,elizabeth08example.net,26
205,Crystal Todd,william66@example.com,27
206,Jean Ramirez,davidglenn@example.com,
207,Jeremy Hoover,casejonathan@example.org,49
208,Donald Garcia,kallen@example.com,65
209,Donna Dominguez,garzanicole@example.com,22
210,Lawrence Robertson,sarah28@example.net,62
211,Richard Humphrey,,46
212,Margaret Meyers,tbaker@example.org,unknown
213,Brent Boyd,dandrews@example.org,56
214,Ariel Wood,williamsdennis@example.com,74
215,,peterkelly@example.com,68
216,Elizabeth Thompson,ypayne@example.org,
217,Michael Davis,alexisgarcia@example.com,57
218,Matthew Ortiz,amy83@example.net,27
219,Kayla Gonzalez,michaelbarnes@example.com,68
220,,mlee@example.net,71
221,Katherine Morse MD,brittanywoods@example.net,73
222,Zachary Olson,greenjessicaexample.com,28
223,Tony Jones,despinoza@example.net,35
224,David Huerta,kcook@example.com,39
225,Patricia Thomas,nicolegarcia@example.org,73
226,Joel Perry,ifox@example.org,33
227,Robin Lawson,campbelljustin@example.org,51
228,,carlos90@example.org,
229,,williamthomas@example.com,unknown
102,,,70
231,Robert Rangel,rodneyflores@example.com,32
232,Michael Clark,kkeithexample.com,66
233,,jerry68@example.net,39
234,Eric Williams,websterrichard@example.org,unknown
235,Tina Farmer,vaughnmichelle@example.org,21
236,David Wolf,rangelmichelle@example.net,
135,Rebecca Mills,,69
238,Brandon Fisher,kevincohen@example.net,43
239,,ronaldgreen@example.com,23
240,Joshua Ward,hannahwagner@example.org,64
241,Vicki Fisher,james97example.org,55
242,Deanna Hendricks,cynthiasmith@example.org,65
243,Melinda Stewart,fhickman@example.com,75
244,Jeff Parker,kevin47@example.org,51
245,Jasmine Newman,melissazamora@example.net,60
200,Rachel Thompson,ywhite@example.net,
247,Ernest Jones,valerieharris@example.org,19
248,Danielle Mcdonald,ronaldanderson@example.com,60
249,Sarah Acevedo,mholden@example.net,32
250,,imccarty@example.net,48
251,George Phelps,kempbarry@example.com,30
194,Sean Mathews,warrenelliott@example.com,35
253,Steve Bradley,matthewsjoseph@example.com,33
254,,bpalmer@example.net,64
255,Juan Lane,donald82@example.com,52
256,Rachel Harrison,michael18@example.com,69
257,Eric Weber,watsonmarkexample.net,26
258,Tyler Johnson,katherineschaefer@example.com,22
259,John Jones,ryan23@example.net,48
260,Omar Shaw,tyronerose@example.com,20
261,Lisa Hughes,vincentanderson@example.org,48
262,Scott Hall,diamondmonroe@example.net,
263,Lauren Phillips,,48
264,Mr. Casey Trujillo,kerrihillexample.net,30
265,Lisa Butler,sbailey@example.net,52
266,David Howard,erik84@example.org,51
267,Kathleen Ortiz MD,petersdenise@example.org,71
268,Kristina Lucas,davidpotter@example.net,73
269,Rachel Johnson,saguilar@example.com,65
270,Joseph Barrera,amber96@example.com,58
271,Tyler Bailey,dwilliams@example.com,30
272,Patrick Campbell,,28
2,Brenda Clay,deanna60@example.net,27
274,Bethany Padilla,harrisryan@example.net,69
275,Timothy Rojas,,31
51,Micheal Thomas,vcannon@example.net,63
277,Shaun Hall,sanchezkelsey@example.org,23
278,Jamie Barnes,panderson@example.net,52
279,Mark Noble,joneseric@example.com,26
280,Caitlin Greer,fhooper@example.org,22
227,Robin Lawson,campbelljustin@example.org,51
282,Cynthia Ortiz,elizabeth31@example.org,24
283,Michael Nolan,,24
284,,howellbethany@example.org,29
285,,jacqueline21@example.net,44
286,George Rose,,73
287,Derek Turner,santanaveronica@example.org,34
288,Leah Black,matthewwright@example.org,22
289,,xwebster@example.com,65
290,Mackenzie Barnett,garcialisa@example.com,63
291,Adam Pierce,brennankevin@example.org,21
292,Valerie Stewart,crichardson@example.com,19
293,Ralph Vargas,yvelez@example.com,51
294,Kayla Roberts,seanallison@example.org,50
295,Raymond Johnson,tatkins@example.com,unknown
296,Laura Hall,rothanthony@example.net,54
297,Roger Prince,alexanderlisa@example.net,24
298,Amy Cardenas,kathleen88@example.org,34
299,Ricardo Harrison,taylorthomas@example.org,50
300,Kristen Liu,danielklein@example.com,27
301,Taylor Gordon,,22
302,John Johnson,osmith@example.org,29
303,George Smith,heidiclark@example.net,41
304,Karen Sandoval,qbridges@example.net,39
305,Samantha Mcdonald,,58
306,,jonathanmitchell@example.org,36
307,,btucker@example.com,
50,David Blanchard,hansenjames@example.net,69
309,Karen Hill,ryan44@example.com,45
310,Faith Miller,llopez@example.com,42
311,Lisa Lee,,36
312,,elizabeth37@example.org,62
313,John Patterson,garciamaria@example.org,31
314,Jacob Haas,anneortega@example.com,38
315,,joeljones@example.net,
316,Michelle Hughes,mackenzie00example.org,35
317,Stephanie Scott,,unknown
318,Lisa Burns,,20
319,,kristina69@example.com,71
320,Amanda Vasquez,jennifergonzalez@example.net,26
321,Timothy Morales,john82@example.org,26
322,Joan Barrett,richard29@example.org,31
323,Linda Cruz,kathy13@example.org,75
324,Meagan Christensen,mitchellemily@example.com,71
325,James Myers,dking@example.net,35
326,Ashley Brown,sandovalchristina@example.com,48
327,Debra Smith,stephen84@example.org,66
328,Jonathan Gonzales,,18
329,,justinharrison@example.com,23
330,Beth Mayer,,34
331,James Aguilar,brownjillian@example.net,65
332,Joel Kelly,garciamario@example.com,64
333,John Conrad,mperez@example.com,40
334,Haley Jones,,60
335,Michelle Humphrey,thomasgillespie@example.com,72
336,April Ramsey DVM,,47
337,Seth Brock,karen03@example.org,51
338,Donna Michael,ramosdestiny@example.net,unknown
339,John Atkins,sbradley@example.net,45
340,Brittney Daniels,christopher51@example.net,31
341,Crystal Taylor,barbaratorres@example.net,31
342,,jasonquinn@example.net,54
343,Brian Brown,kendramann@example.net,24
344,Mr. David Maddox,lbyrd@example.com,44
345,Kenneth Yang,qmartin@example.org,73
346,Robert Jacobs,austinmitchell@example.com,31
347,Jacqueline Green,crawfordanthony@example.org,65
348,Linda Smith,judithsmith@example.net,unknown
349,Brandon Brown,rachellong@example.net,60
350,Emily Miller,hollanddonna@example.com,unknown
351,,leroyrice@example.org,73
352,Karl Harris,amanda58example.com,55
353,Courtney Bird,yjohnson@example.org,56
354,Oscar Martin,,59
355,Donna Goodman,lindalong@example.com,
356,Anthony Carroll,garzakristina@example.net,62
357,Shawn Morales,sandovalmegan@example.net,42
358,Jeremy Miller,raymond98@example.net,64
359,Kathy Sanders,,
360,Tara Casey,catherine92@example.org,72
361,,mcdowellstacy@example.net,53
362,Mary Weiss,jacqueline99@example.net,69
363,Adam Gutierrez,,71
364,Mary Smith,linda56@example.com,54
365,Kimberly Lee MD,xrice@example.net,60
366,Eric Banks,pjohnson@example.net,26
367,Laura Campbell,rogersclifford@example.org,27
368,,kbarnes@example.net,25
369,Richard Ramos,russellgregory@example.org,43
370,Susan Duran,april69@example.com,unknown
371,Kimberly Hodges,clarkcassie@example.net,
372,Craig Jones,uclark@example.net,47
373,Emily Giles,,71
374,Kimberly Rivers,alexanderbrianna@example.org,
375,Jennifer Warren,henrysavageexample.net,30
376,Valerie Jackson,ricecaleb@example.org,33
377,Wayne Floyd,amalone@example.net,70
378,Michael Taylor,,unknown
157,Samantha Wright,deborahmorton@example.net,63
380,Ryan Cooper,pamelaarmstrong@example.org,75
381,Samuel Reyes,nmitchell@example.net,71
382,Michael Cochran,ngarcia@example.com,41
383,,roachrandy@example.org,
384,Marcus Mitchell,nfreeman@example.net,53
385,Tina Daniel,tiffany71@example.com,63
386,William Hamilton,,35
387,Jamie Brown,tanyasimmons@example.org,
388,Rachel Robles,ypayne@example.org,65
389,,amanda12@example.org,45
390,Lisa Kennedy,snyderheather@example.net,65
329,,justinharrison@example.com,23
392,Kristen Peterson,hamiltonerin@example.com,72
393,Joseph Cooley,courtneygay@example.net,70
394,Jose Price,jkeith@example.org,
395,Melissa West,kristinbrooks@example.net,54
396,Kevin Farrell DVM,lrobertson@example.net,72
397,Jason Hoover,vrussell@example.com,58
398,Amy Mayo,brittneypacheco@example.org,
399,Samuel Edwards,,26
400,John Smith,markmejia@example.net,
401,Michael Rush,shellypark@example.net,51
402,Abigail Rodriguez,duncanwilliam@example.org,67
403,Jerry Blevins,wedwards@example.net,52
366,Eric Banks,pjohnson@example.net,26
405,Louis Schmidt,wmorales@example.com,43
406,,ycosta@example.net,23
247,Ernest Jones,valerieharris@example.org,19
408,,blackbrett@example.net,38
409,Kaitlin Davis,millerdavid@example.net,73
410,Timothy Willis,john58@example.com,75
411,Lori Jones,theodore75@example.org,65
412,Kara Gilbert,dbowen@example.net,32
413,Rachel Tran,byrdcory@example.com,71
414,Sandra Herrera,sheltonshannon@example.org,
415,Darrell Marquez,,69
416,Mark Lucas,dcole@example.org,28
417,Amber Moore,amandaalvarez@example.net,64
418,Frank Diaz,bellmark@example.org,54
419,Melissa Allen,,unknown
420,Mike Zavala,williamsjohn@example.org,20
421,Stacey Richardson,suzanne37@example.com,52
422,Danielle Garza,jason93@example.net,63
423,Faith Fletcher,,65
424,Jessica Ortega,evan37@example.net,50
425,Mr. Matthew Anderson,lorettajacobsonexample.org,55
426,Heather Brown,tonya17@example.net,
220,,mlee@example.net,71
428,Wesley Maynard,cartererin@example.org,21
429,James Wang,melodymorris@example.org,61
430,Samuel Johnson,jennifer78@example.com,45
431,,,58
432,Misty Miller,,41
433,Julia Simmons,meghan91@example.net,29
434,Jeremy Reynolds,,28
435,Stacey Mejia,melissa75@example.com,22
436,Marc Hall,williamstraci@example.org,50
437,Sean Black,claytonlisa@example.net,35
438,Roy Wilson,johnjenkins@example.com,
439,Christopher Vaughan,daniel25@example.com,25
440,Elizabeth Mooney,johnberry@example.net,24
441,,zjones@example.net,51
442,Jonathan Grant,cheryl09@example.org,64
443,Tony Garcia,jeffreycarter@example.com,58
444,Paul Malone,erose@example.org,21
445,Stephen Turner,heidiwillis@example.net,56
446,Ashley Barnes,kimberlyrichardson@example.net,38
447,Jessica Hayden,jody51@example.org,41
448,Cynthia Ramos,amy61@example.com,51
449,Michael Rich,xproctor@example.com,38
450,Amber Duke,jsimon@example.org,24
451,Amy Richardson,ronaldhendrix@example.com,29
452,Kimberly Fletcher,wesley44@example.net,49
453,Laura Collier,logan49@example.org,58
454,Jennifer Green,haydensarah@example.net,20
455,Erica Wolf,kblair@example.org,
456,Ronnie Meyers,danielmahoney@example.org,31
457,Stacy Jenkins,jessica70@example.com,18
458,,wendyrobertsonexample.net,38
459,Elizabeth Kennedy,tamaraerickson@example.com,72
460,Travis Berry,,37
461,,,43
462,Heidi Terry,pittsmichele@example.org,
463,Diana Johnson,tpeters@example.net,26
464,Samantha Smith,sara54@example.org,unknown
465,Aaron Blevins,cclay@example.org,59
466,Olivia Hunter,gross@example.com,50
467,Phillip Lopez,yvargas@example.org,28
468,Katherine Klein,jennyashley@example.net,26
469,Sarah Armstrong,jonesgina@example.org,70
470,Cindy White,lindseyzachary@example.com,63
471,Rebecca Romero,haileyfrancis@example.net,18
472,Corey Garza,smithandreaexample.org,32
473,Samantha Martinez,christian20@example.org,29
474,Jeffrey Gutierrez,seanhicks@example.com,36
475,,obarajas@example.org,31
476,Roberta Wolf,arieltran@example.com,37
48,Kenneth Lane,shawngallagher@example.net,49
478,Brian Francis,udavisexample.org,61
479,Jaclyn Franklin,morrisnicholas@example.net,26
480,,jonesrobert@example.org,64
481,,elizabethmoore@example.com,54
482,Regina Jimenez,christophersmith@example.com,
483,Kathryn Lin,gordonbrandon@example.com,58
484,Nancy Newton,kristenclark@example.net,66
485,Laura Browning,maynardryan@example.com,60
486,Michael Caldwell,michaelschneider@example.org,57
487,Tracy Carter,hgreene@example.net,58
488,Mark Mcfarland,harcher@example.com,38
489,Amanda Wood,mark79@example.com,68
490,Robert Hooper,mitchellwallace@example.net,
491,Dr. Edward Powell III,singhjonathan@example.org,67
492,Richard Warner,mark03@example.net,58
493,Anthony Caldwell,acox@example.com,62
494,Gregory Jones,brendabrooks@example.com,18
495,,beth12@example.com,
496,Jeffery Rose,johnmarsh@example.com,28
497,Cody Weber,joseph07@example.org,38
288,Leah Black,matthewwright@example.org,22
499,Rebekah Braun,hebertsteven@example.org,28
500,,padillaheather@example.com,unknown
501,Dr. Pamela James,dharris@example.com,
502,Laura Carter,fraziersean@example.net,52
503,Patricia Chen,clayton90@example.net,63
504,Stanley Johnson,christopherwang@example.com,71
505,Brandon Wilson,margaretperry@example.org,unknown
506,Andrew Vasquez,taylorkaren@example.com,unknown
507,Tammy Walter,garrett00@example.com,49
508,,mary90@example.net,
509,,qtownsend@example.org,49
510,Stephen Hall,stephanie61@example.org,73
511,Kristina Washington DVM,jason20example.net,23
512,Thomas Wood,anthony94@example.com,19
513,Jacqueline Russell,ambertorres@example.org,62
514,Herbert Anderson,morganmary@example.org,35
515,Andrea Brown,acevedoaudrey@example.com,32
516,Erica Burgess,turnerrobert@example.org,54
517,Lorraine Fox,,61
518,Tamara Young,michael83@example.com,
519,Andrew Becker,cbaird@example.net,
520,Angela Lawson,kylewilkins@example.com,28
521,David Garcia,austinrusso@example.com,58
522,Angela Long PhD,lauren63@example.net,70
523,Vanessa Garcia,amanda87@example.net,44
524,Allen Buckley,derek46@example.net,52
525,Jay Miller,timothy65@example.org,72
526,Reginald Lynch,perrykyle@example.com,68
527,Holly Sosa,katie98@example.com,48
528,Jonathan Ingram,rcalderon@example.net,61
529,William Oliver,johnsonabigail@example.org,29
530,Paula Munoz,james60@example.org,
531,Michael Maldonado,fordtyler@example.org,18
532,Stephanie Cox,chapmanjoseph@example.org,72
533,Martin Berry,,52
534,Kim Irwin,rkennedy@example.net,
535,Austin Jackson,gonzalezstacie@example.com,74
536,Ashley Graham,iwiley@example.com,46
537,Vincent Wyatt,garias@example.org,52
538,Linda Harris,wendy84@example.com,40
539,Keith Sanchez,yrobbins@example.org,40
540,Mary Arnold,,62
541,James Santiago,tommymullen@example.net,
542,,jordanmarkexample.org,52
543,Dr. Troy Luna,murrayedward@example.com,19
544,Dr. Stephen Haas,janicegrant@example.org,43
545,Stacey Newton,ehicks@example.net,38
546,Maria Deleon,shari71@example.org,53
547,Shawn Coleman,diana79example.com,46
548,Keith Turner,,46
549,,tiffanyjones@example.org,60
550,,bmarshall@example.org,60
551,Allison York,harrisjasmine@example.net,34
552,Thomas Neal,david69example.org,24
553,Jennifer Guzman,robert24@example.com,44
554,Angela Parks,starkrobert@example.org,
555,Gregory Martin Jr.,darren83@example.com,28
556,Jacob Gomez,williamsashley@example.com,
557,Angelica Charles,brianhiggins@example.org,41
525,Jay Miller,timothy65@example.org,72
559,,solisjulia@example.net,47
560,Amanda Reed,amberprice@example.net,60
561,,,44
562,Dustin Washington,garneroscar@example.com,
563,Andrew Livingston,allenbrad@example.net,65
564,David Jones,greergrace@example.com,35
503,Patricia Chen,clayton90@example.net,63
566,Susan Carr,daniellee@example.net,67
567,Cody Jones,ortizgregexample.org,50
568,Paula Roberts,joanpalmerexample.com,68
569,Michael Maxwell,weaverscott@example.net,41
570,Shawn Stafford,cclark@example.com,
571,Melvin White,smithcharles@example.org,37
572,Olivia Avery,carl27@example.com,55
573,,sandraparks@example.com,47
574,Michael Mccarthy,harristimothy@example.com,51
575,Andrea Hampton,,25
576,Sydney Cox,darrell04@example.com,48
577,Edward Patterson,,50
578,Collin Mitchell,kinglaurie@example.com,64
579,Marcus Harris,maryharrison@example.net,71
580,,kwood@example.net,51
581,,tlong@example.net,52
582,Steven Roberts,rrobinson@example.net,35
583,Eric Hogan,david42@example.net,24
584,Michael Mclean,alanbaker@example.org,37
585,Connie Young,alexisle@example.com,34
586,Elizabeth Ware,,56
587,Ryan Hanson,maryrocha@example.net,24
588,Cynthia Hooper,abradley@example.net,41
589,Robert Nichols,jonathan51@example.net,53
590,,emmavillegas@example.com,
591,Juan Powell,areynolds@example.com,40
592,,kyle92@example.net,52
593,Michael Jackson,,33
594,Ashley Mullins,browningjohn@example.com,21
595,Daniel Lopez,khunterexample.net,32
596,,rossdavidexample.com,47
597,Clayton Garcia,robinrogers@example.org,
598,Michael Johnson,benjaminpark@example.net,69
599,Christine Kaufman,dunnmichelle@example.net,20
600,Brian Vasquez,ufernandez@example.com,46
601,Jeffrey Davis,oblake@example.net,58
602,Jennifer Kent,wesley78@example.com,24
603,,pboyd@example.net,40
604,Kevin Giles,nathan46@example.com,21
605,Jermaine Wilson,jessicamelendez@example.com,39
606,Robert Bush,,56
182,Justin Morales PhD,patrick86@example.net,20
608,Christopher Hunter,normandouglasexample.com,33
609,Anna Allison,nparker@example.com,60
610,Samuel Byrd,danielblake@example.com,47
611,Rick Garner,hsweeney@example.org,68
612,Joshua Hardin,matthew35@example.com,28
613,Lori Boyer,bhall@example.com,48
614,,beth80@example.net,61
615,Michael Jordan PhD,danielle97@example.org,61
616,Jill Allen,walkerhelen@example.com,31
617,Tonya Spencer,hayesbenjamin@example.net,
618,Timothy Krause,vmcdaniel@example.org,71
619,Rebecca Bauer,jennifer12@example.com,72
620,Mary Shepard,brianamcintosh@example.net,
621,Steven Bailey,mcbridebetty@example.net,55
622,Mary Jones,mboyd@example.com,
623,Christine Cooper,patrick95@example.net,28
624,,,64
625,Garrett Bell,,31
626,Susan Davis,aaronward@example.com,59
627,Anne Lambert,,49
628,Brian Ashley,david88@example.com,65
629,Ricardo Barrett,frostchristopher@example.com,39
630,Ryan Walker,blackgrant@example.org,31
631,,lynchashleyexample.org,54
632,Zachary Love,jamierivera@example.net,26
633,Carl Johnson,robbinsmatthew@example.com,
634,Robert Chung,torresandrew@example.org,36
635,Jose Diaz,yray@example.net,58
636,Katherine Molina,znorton@example.org,31
637,Stephen Duran,elizabeth01@example.net,38
638,Michelle Adams,fullerdouglas@example.com,35
639,Lisa Jones,emilycook@example.net,18
640,Monique Carlson,jessicagarcia@example.org,
641,Mark Murphy,sue44example.org,73
642,,qsingleton@example.org,
643,Kimberly Martinez,rhicks@example.org,44
644,William Case,,
645,Amber Nicholson,amandajensen@example.com,21
646,Mark Middleton,sharonescobar@example.net,unknown
647,Nicholas Mills,valdezgabriela@example.net,37
648,Debra Roman,contreraslisa@example.org,59
649,Kelly Boyd,wrightjamesexample.net,20
650,Christina Clark,,42
651,Elizabeth Stephens,,61
652,Jonathan Hernandez,taylorjohn@example.net,
653,Austin Ellison,santanamichael@example.net,23
654,Alexis Banks,keithjordan@example.org,52
655,Jason May,sford@example.org,38
656,Brad Campbell,fedwardsexample.net,28
523,Vanessa Garcia,amanda87@example.net,44
658,Crystal Myers,,34
659,Kimberly Brown,,unknown
660,Douglas Coffey,xlambert@example.net,63
661,Dr. Martin Hawkins,uanderson@example.org,66
662,Joann Johnson,cindy32@example.org,23
663,Michele Mcguire,rbowen@example.net,unknown
664,Rachel Velasquez,underwoodstacy@example.org,48
665,Ana Brown,harrisonvanessaexample.org,73
666,Thomas Richardson,huffbarbara@example.com,61
667,Robert Hanson,shawnsandoval@example.com,61
497,Cody Weber,joseph07@example.org,38
669,Gregory Hayes,,61
670,Colleen Williams,smithsean@example.com,42
671,Henry Garza,tbartlett@example.com,59
672,Dennis Floyd,debraturner@example.com,
673,Wendy Jackson,carriebell@example.org,unknown
674,,,55
675,Mrs. Laurie Hess,brandon38@example.net,45
676,Bradley Thomas,joseph76@example.net,
677,,amyharris@example.org,27
678,Laura Hansen,,60
679,Sherri Becker,dbrown@example.org,47
680,Sean Walter,perezjustin@example.com,19
681,Timothy Carroll,,61
682,Michelle Kelly,claytonbooker@example.org,44
683,Raymond Todd,sandy63@example.net,26
684,Calvin Clark,stuartgary@example.org,28
685,Jennifer Ali,laurenkennedy@example.com,46
357,Shawn Morales,sandovalmegan@example.net,42
687,Cynthia Burch,dgreen@example.com,47
688,Nancy Howell,brandonbryant@example.com,28
689,Amy Gay,zmcgee@example.com,58
690,Alicia Perez,amymarshall@example.org,23
691,Daniel Moran,wmiller@example.net,
692,Joseph Oliver,,34
693,David Scott,rasmussengloria@example.com,63
694,Ian Williams,jamesmckinney@example.org,
695,Sarah Ortiz,danielwolf@example.org,27
696,Kristen Brown,anthonywiggins@example.com,65
697,Sherri Hester,doylealejandro@example.com,75
698,Daniel Wolf,pcarrollexample.net,51
699,Carrie Archer,aolson@example.net,43
700,,,59
701,,oellison@example.org,51
702,Vincent Howell,claytonjesse@example.org,68
703,,elizabethgordon@example.com,48
704,,umartinez@example.org,44
705,,qkemp@example.org,47
706,Aimee Cox,david51@example.org,71
707,Mrs. Sharon Hardy DVM,doylebrandon@example.net,69
18,Jennifer Estes,zjenkins@example.net,67
709,Beth Hernandez,lharris@example.org,40
710,Kayla Macdonald,,41
711,James Young,thomasrush@example.net,41
712,,benjamin36example.net,67
713,Roy Tran,lori54@example.org,51
714,Meredith Gaines,zoconnor@example.net,63
715,Sarah Ray,qsmith@example.org,54
716,Jason Peterson,woodstacey@example.com,
717,William Gonzalez,,34
718,Andrew Perez,melissahamilton@example.com,25
719,Anna Gonzalez,halljason@example.org,39
720,Brett Thomas,,
721,,,50
722,Dr. Emily Chavez,deleonsteven@example.net,23
723,Daniel Jones,andersonjamie@example.com,69
724,Brett Rodriguez,donaldwatkins@example.net,52
725,Katherine Matthews,dianacook@example.org,22
726,Peter Beasley,christinebrown@example.net,
727,Michael Davis,williamyoung@example.org,57
728,Katrina Gill,kathy92@example.net,61
729,,,unknown
730,Christopher Cooper,,26
731,,acevedocynthiaexample.com,unknown
732,Ashley Bonilla,bryan46@example.net,
733,,chloe90@example.com,33
734,Christine Smith,sanchezfrank@example.net,24
735,Luis Mullins,qrosales@example.org,31
736,Samuel Atkinson,,39
737,James Butler,lori32@example.com,68
738,Maria Lawrence,gjones@example.net,25
739,Thomas Burns,tracy32@example.net,74
740,Alexander Hale,stacey25@example.org,34
741,Lori Ward,paulvargasexample.org,62
444,Paul Malone,erose@example.org,21
322,Joan Barrett,richard29@example.org,31
744,Christina Torres,eskinnerexample.com,53
745,Victor Evans,willisrussell@example.com,41
746,Angela Sanders,awalton@example.org,71
747,Kathleen Haynes,fstevens@example.com,44
748,Louis Robinson,,
749,Joel Lester,mitchellhuang@example.net,36
750,Steven Shaw,,60
751,,joshuaortizexample.com,23
752,Heather Logan,ocruz@example.net,19
753,Richard Espinoza,sayers@example.com,20
754,,catherinegibson@example.com,
755,Christine Jones,claudiacampbell@example.org,56
333,John Conrad,mperez@example.com,40
757,Yvonne Rose,patriciaramosexample.com,64
758,Sean Robinson,jeff93@example.net,55
759,Maria Ford,qconley@example.com,18
760,Pamela Fleming,blairzachary@example.org,18
761,Amber Cortez,christinepatel@example.org,56
762,Jared Cruz,emma55@example.org,65
763,,cynthiavincent@example.net,46
764,Eugene Reynolds,gbuchanan@example.com,30
765,Sabrina Adams,james51@example.net,46
766,Lindsay Duke,tyoung@example.org,25
767,Thomas Williams,,59
768,Ryan Nelson,brianfoster@example.com,63
769,Anna Mckenzie,,
770,,xanderson@example.net,66
771,Bryan Wallace,joseph17@example.org,48
772,Virginia Smith,russellray@example.org,18
773,Timothy Campbell,mary93@example.com,
774,Mark Miller,gkelly@example.com,57
775,Brenda Bryant,scott86@example.org,53
776,Rebecca Dixon,tiffany53@example.com,20
777,Melanie Vasquez,westanthony@example.com,74
778,Michelle Miller,larry28@example.org,50
779,,karen42@example.net,unknown
780,Rebecca Cherry,laura59@example.net,28
781,Patrick Jones,bailey42@example.net,54
782,Rachel Morgan,sschroeder@example.com,72
783,Jaime Collins,jameshannah@example.com,
784,Robert Howard,cooleykatrina@example.net,74
785,,laura93@example.com,57
786,Brett Maynard,,65
787,Julia Ramirez,,47
788,Christopher Hall,david79@example.net,59
789,Jessica Watkins,leslieroberts@example.net,27
790,Jonathan Vazquez,charlestorres@example.net,53
791,,freemancarolyn@example.com,74
792,Rachel Smith,alvaradotheresa@example.net,69
793,Dale Shaffer,williamsjack@example.net,62
794,David Carpenter,mjones@example.com,70
795,Brett Larson,johnsonbrady@example.com,
796,David Anderson MD,christinachen@example.net,25
134,Brandon Harris,julie94@example.org,30
798,Darrell Anderson,,unknown
799,Eric Lindsey,paula26@example.net,25
800,Matthew Jacobs,aguirrelisa@example.net,42
801,Cheryl Romero,melissawhite@example.org,23
802,Deborah Hays,umorris@example.net,
454,Jennifer Green,haydensarah@example.net,20
804,Jacob Lambert,christopher24@example.net,20
805,,rodriguezrhonda@example.org,
806,Aaron Newman,,
807,Charles Cruz,tyler91@example.com,65
808,Erin Jackson,ericrobertson@example.com,
809,Matthew Brown,jennifermooney@example.com,49
810,Brandy Flores,marieneal@example.net,39
811,Timothy Mcmahon,michaelfitzpatrick@example.net,26
812,Kerry Henry,johnsonmelissa@example.com,53
813,Stacey Randall,kara84@example.org,66
814,Carlos Ramirez,stephen00@example.com,41
815,Amanda Grant,yramirez@example.net,
816,Kelly Mcintyre,ralvarado@example.net,22
817,John Blevins,kellydaniel@example.com,63
818,David Santiago,,38
819,Kelly Case,dcolon@example.org,40
820,Christopher Lopez,brendanross@example.com,
821,Danielle Allen,,32
822,Karen Reynolds,inguyen@example.com,26
823,Dylan Berry,mercedesjohnsonexample.org,51
824,Mrs. Amy Solis,susaneaton@example.net,56
825,Maria Mullen,,24
826,Daniel Anderson,,74
827,Timothy Rogers,phillip44example.org,75
828,Mark Hernandez,jodymccoy@example.com,35
829,Emily Berry,wellis@example.com,36
830,,wilsonjack@example.com,53
471,Rebecca Romero,haileyfrancis@example.net,18
832,,shawnnguyen@example.com,26
833,,kimberlysimon@example.org,18
834,Lisa Hall,dhood@example.net,49
835,Julie Smith,bridget50@example.com,73
836,Benjamin Perry,joseph88@example.com,68
837,,robbinssarah@example.net,34
838,Michael Thompson,abrock@example.org,28
839,Robin Carr,reneealvarez@example.com,unknown
840,,,
841,Tyrone Ayala,,
842,Karen Rose,jaime82@example.org,
843,Stephanie Gonzales,nicole41@example.org,
844,Brittany Vincent,karibrown@example.net,55
845,Melanie Green,trujillotamaraexample.net,19
846,Brett Woods,,46
847,Mark Fischer,lyonschristina@example.net,27
848,Mary Gonzalez,dustinbrooks@example.net,54
849,Tonya Morgan,gramirez@example.net,50
850,Amy Berger,jane03@example.org,
851,James Stewart,amberwhite@example.com,63
852,Jasmine Olson,markrodriguez@example.org,68
853,,,18
854,Sandra Little,brianking@example.org,38
855,Paul Thomas,donaldcampos@example.org,
856,Sydney Thompson,knightleslie@example.com,20
857,,xbanks@example.net,67
858,,thomasguzman@example.net,
859,Ethan Landry,acunningham@example.com,21
860,David Smith,whitejennifer@example.net,40
861,Mr. Damon Wright,edwardsstephanie@example.org,72
862,Lisa Hoover,tanyapope@example.net,
863,William Daniels,dmartinez@example.net,23
864,James Hardin,amy37@example.org,53
865,Mrs. Jennifer Parks,garcialaura@example.org,36
866,,staffordbarbara@example.org,
867,Lisa Huber,qwhitneyexample.net,
868,Stephanie Hansen,reedkenneth@example.net,41
869,Nicholas Bell,,63
870,Michael Guzman,newtonkristen@example.net,21
871,,gpena@example.org,50
872,,,32
873,John Zimmerman,hortondaniel@example.com,52
874,Kayla Kelly,haley26@example.net,29
875,Sean Davis,jesusdavis@example.net,40
876,Tammy Anderson,ryanchambersexample.com,66
877,,jonesmichelle@example.net,42
878,Scott Rodriguez,james45@example.com,22
879,,thomas92@example.com,56
880,Samuel Elliott,gadams@example.net,71
881,Randy Williams,cartercatherine@example.net,55
882,Melanie Gomez,,37
883,Mrs. Stephanie Mccoy,rmartinez@example.org,47
884,,walterallen@example.com,73
885,Adam Harvey,orice@example.org,55
886,Samantha Howell,mkent@example.org,
887,Abigail Nolan,sandersmolly@example.com,72
888,Jeremy Jackson,,43
889,Shaun Holland,kayladavis@example.com,33
890,Nicholas Gomez,martinmcintyre@example.com,53
891,James Malone,karenburns@example.org,34
430,Samuel Johnson,jennifer78@example.com,45
893,Stacey Williams,sydney51@example.org,39
894,Mark Wise,christopherjones@example.net,56
895,John Travis,freemanmaria@example.com,71
896,Timothy Schmidt MD,brittanywood@example.com,
897,Krystal Ortiz,iandrakeexample.org,55
898,Javier Fox,zschmidt@example.com,64
899,Frederick Parks PhD,johnsoncarlos@example.org,74
900,John Smith,bookervictor@example.net,23
901,Aaron Cannon,,70
902,Michael Ramirez,andrew30@example.net,57
903,Thomas Ellis,,60
904,Susan Foley,,26
905,Anna Richardson,elizabeth72@example.net,61
906,Matthew York,paula35@example.net,49
907,Kristina Keller,alicia49@example.org,55
908,Melissa Nguyen,shepherdangela@example.net,43
909,Larry Stanley,reidbrandon@example.org,42
910,Theresa Glass,manningjohnexample.org,62
911,Darren Marks,russelllewis@example.com,27
912,Vincent Alvarez,,69
913,Elizabeth Burns,dbruce@example.org,58
914,Anthony Chavez,millerbrandon@example.net,26
915,Randall Harris DVM,scott23example.com,74
916,Patrick Phillips,xhoward@example.net,18
917,Debra Bradley,tsmith@example.net,47
901,Aaron Cannon,,70
919,Pamela Li,samuel89@example.com,70
920,Gina Johnson,ngoodman@example.net,51
921,Andrea Herring,allengerald@example.com,24
922,Katherine Garner,evan31@example.org,47
923,Michael Flores,jasonharvey@example.com,55
924,Vanessa Hubbard,smithmorgan@example.net,
925,Brian Wilson,sydneysherman@example.net,74
926,Randall Hunt,glen31@example.net,unknown
927,Elizabeth Haley,bushmartha@example.org,48
928,,dana50@example.net,69
929,Adam Villa,margaretlee@example.net,19
930,,kelly08@example.com,unknown
931,Scott Martinez,jchandler@example.com,73
932,Eduardo Hinton,leebrooke@example.org,65
933,Sherri Proctor,walkerjustin@example.net,75
934,Joseph Anderson,knightjennifer@example.net,65
924,Vanessa Hubbard,smithmorgan@example.net,
936,Christopher Lee,adam61@example.org,32
937,Vincent Sanders,dean19@example.com,unknown
938,James Ray,jnichols@example.org,57
939,Kevin Andrade,,68
940,Stacy Edwards,oconnellpatrick@example.org,71
431,,,58
942,Thomas Wilson,brenda99@example.com,61
943,Joshua Taylor,ginaswanson@example.net,
944,Lisa Mendoza,howardamanda@example.net,62
945,Timothy Cortez,caldwelljason@example.net,19
946,Sarah Garcia,chad03@example.net,24
947,Shari Oneal,jessicacaldwell@example.net,41
948,Jordan Walker,marcjimenez@example.com,50
949,,rhill@example.com,60
950,Madison Walker,raymond04@example.org,
951,Mark Cervantes,dustin37@example.net,19
952,Thomas Hall,julie36@example.com,25
953,Jerome Tate,sgardner@example.com,24
954,Shannon Tucker,lisagarcia@example.com,
955,Thomas Williams,paige71@example.net,61
956,James Young,kdelacruzexample.org,68
957,Becky Daniels,kjensen@example.org,70
958,Jay Johnson,caldwellalexandra@example.net,72
959,Christine Hughes,,38
960,Luke Brown,moorerobert@example.net,54
961,Cynthia Smith,andersonsteven@example.com,52
962,Christopher Oneill,ynorman@example.com,49
963,Ashley Marsh,ryanstevenson@example.com,56
964,Jennifer Miller,jose83@example.net,
965,Steven Brooks,jameswarren@example.com,24
966,Ellen Webster,tracykim@example.net,61
967,Marc Kelley,csaunders@example.net,unknown
968,Jessica Hart,sheanancy@example.net,62
969,Michael Allen,cflores@example.net,40
970,Jeremiah Hunt,aprilbryan@example.net,27
971,Shane Lopez,jolsen@example.net,41
972,Dan Nunez,ewalker@example.com,68
973,Lisa Johnson,christopher08@example.org,23
974,Jeffrey Short,stevensondaniel@example.com,43
975,,njohnson@example.org,
976,Brittney Garcia,carterchristine@example.org,
977,Billy Roman,brandon09@example.org,20
978,Jack Reynolds,,
979,Rebecca Carpenter,,58
980,Carolyn Gonzalez,bishoprebecca@example.org,44
981,Zachary Scott,jparsons@example.org,21
982,Kurt Mccormick,ingramjoanna@example.com,52
983,Chad Hall,bartlettjohnexample.org,50
984,Leon Floyd,ianhill@example.net,
985,Steven Franco,hartmichelle@example.org,45
986,,jennifermcdanielexample.com,70
987,Angela Young,kevin85@example.com,unknown
988,Kimberly Bass,anthony65@example.net,19
989,Andrew Lynch,millercarla@example.org,56
990,,icannon@example.org,53
991,Charles White,andrewlong@example.com,41
992,Colleen King,russellpoole@example.org,33
993,Joel Guerrero MD,smithtony@example.net,19
994,Robert Taylor Jr.,lorilee@example.net,56
995,David Martin,smithteresa@example.net,54
996,,ykelly@example.org,46
997,Stephen Johnson,jray@example.org,66
998,Jay Mccormick,angela18@example.net,71
999,Charles Petty DDS,hernandezjose@example.com,46
1000,Wesley Peterson,melissa77@example.net,49
